CONSECUTIVO,ESTABLECIMIENTO,CIUDADMUNICIPIO,DIRECCION,PRODUCTOSELABORADOS,FECHACERTIFICACION
1,PRODUCTOS LACTEOS COLFRANCE CPS EN C,CHIQUINQUIRA,"INSPECCIÓN DE CAPELLANÍA, KM 2 VÍA UBATÉ","ELABORACIÓN DE DERIVADOS DE LA LECHE EN TODAS SUS MANIFESTACIONES, CALIDADES, TAMAÑOS Y FORMULACIONES, ASÍ COMO LA FABRICACIÓN Y EN GENERAL LA COMERCIALIZACIÓN Y MERCADEO DE PRODUCTOS DE CONSUMO MASIVO, TALES COMO PRODUCTOS ALIMENTICIOS.",09/09/2022 12:00:00 AM
2,PRODUCTORA DE CONFITES Y CHICLES MAC DULCES SAS – MAC DULCES SAS,CALI,CALLE 39 No.10 – 50 BARRIO TRONCAL,"FABRICACIÓN DE Y COMERCIALIZACIÓN DE TODA CLASE DE PRODUCTOS ALIMENTICIOS, RESULTANTES DEL PROCESAMIENTO DEL AZÚCAR, HARINA, CACAO, FÉCULA, FRUTAS SIMILARES Y SUSTITUTOS.",11/26/2021 12:00:00 AM
3,ORGANIZACION SOLARTE Y CIA SCA-FÁBRICA DE PASTAS,CALI,AUTOPISTA CALI YUMBO KM 4 - CALLE 15 # 27 - 40  ACOPI –YUMBO- VALLE DEL CAUCA,FABRICACIÓN DE PASTAS,10/13/2021 12:00:00 AM
4,SURTIABARROTES INTERNACIONAL SAS,BARRANQUILLA,CARRERA 43 B No. 6-109,EMPAQUE DE GRANOS Y CEREALES,07/14/2021 12:00:00 AM
5,CORPORACIÓN SALUDPHARMA S. A. S,BOGOTA,AVENIDA CARRERA 30 NO 64A– 73,ALIMENTOS EN POLVO Y SÓLIDOS,04/30/2021 12:00:00 AM
6,FUNTRITION SAS,BOGOTA,AVENIDA BOYACA # 20-92,"GOMAS DE GELATINA ADICIONADAS CON VITAMINA C, GOMAS DE GELATINA CON VITAMINAS Y MINERALES, GOMAS DE GELATINA ADICIONADAS CON OMEGA, GOMAS DE GELATINA ADICIONADAS CON FRUTAS Y VERDURAS, GOMAS DE GELATINA  CON FIBRA SIN AZUCAR GOMAS DE GELATINA ADICIONADAS CON PROBIÓTICOS, GOMAS DE GELATINA ADICIONADAS CON CLÁGENO, GOMAS DE AGAR ADICIONADAS DE Mg, GOMAS DE GELATINA CON Mg, GOMAS DE GELATINA CON Mg Y PROPÓPOLEOS",02/26/2021 12:00:00 AM
7,ANDERCOL INTERNATIONAL SAS,TURBACO,ZONA FRANCA VARIANTE CARTAGENA CALLE 101 No. 2-05 PARQUE CENTRAL LOTE 10 1D,ACIDO FUMÁRICO SOLUBLE EN AGUA CALIENTE O FRÍA Y FUMARATO DE CALCIO,02/19/2021 12:00:00 AM
8,LABORATORIOS NUTRIPHARMA S. A. S.,BOGOTA,AUTOPISTA MEDELLÍN KM 2.5 VEREDA PARCELAS 400 METROS PARQUE INDUSTRIAL PORTOS SABANA 80 PH BODEGAS 14 Y 15,"ALIMENTOS EN POLVO, GRANULADOS Y DULCES DUROS.",01/25/2021 12:00:00 AM
9,NUTRA & FOODS.CO SAS,FLORIDABLANCA,KILOMETRO 4 AUTOPISTA ANILLO VIAL MANZANA C ZONA FRANCA SANTANDER,"GOMAS DE GELATINA, GOMAS DE GELATINA ADICIONADAS CON VITAMINAS Y MINERALES,  GOMAS DE GELATINA ADICINADAS CON FIBRA, ALIMENTOS EN POLVO A BASE DE MALTODEXTRINAS, ALIMENTOS EN POLVO A BASE DE LECHE EN POLVO, ALIMENTOS EN POLVO A BASE DE PROTEINA.",02/07/2020 12:00:00 AM
10,ALMACENES GENERALES DE DEPOSITO DE CAFÉ ALMACAFE S.A,SOACHA,AUTOPISTA SUR KM 14 VIA BOGOTÁ - GIRARDOT,TOSTION Y MOLIENDA DE CAFÉ,08/30/2019 12:00:00 AM
11,LABORATORIOS VIDA STEVIA SA,BOGOTA,CARRERA 42B  - 13-94,ENDULZANTES DE STEVIA,02/22/2019 12:00:00 AM
12,LAS CARNES DEL SEBASTIAN SAS,PASTO,CARRERA 24 PREDIO 70 VEREDA CUJACAL,PROCESAMIENTO INDUSTRIAL Y COMERCIALIZACIÓN DE CARNE FRESCA Y EMBUTIDOS,12/21/2018 12:00:00 AM
13,PRODUCTOS NATURELA SAS,CUMARAL,FINCA LA PRADERA PARCELACIÓN EL BOSQUE,"ALIMENTO EN POLVO A BASE DE MALTODEXTRINA CON PROTEINA AISLADA DE SOYA SABOR VAINILLA; PASTILLAS VARIEDADES  SABOR A MENTA CON STEVIA; CHAI TEA TE VERDE CON SPIRULINA Y ESPECIAS NATURALES (JENGIBRE, CARDAMOMO,  CANELA YCLAVO), TE CON SPIRULINA, ROOBIOS Y FLOR DE JAMAICA; TE VERDE CON SPIRULINA  Y MORINGA; BEBIDA SABOR A MENTA VARIEDAD CON STEVIA; MEZCLA EN POLVO A BASSE DE SALVADO DE TRIGO CON SPIRULINA, INULINA Y PSYLLIUM; ROSQUILLAS INTEGRALES DE ARROZ + QUINUA, AMARANTO Y SPIRULINA, ROSQUILLAS INTEGRALES DE ARRROZ + GARBANZOS; ESPECIAS: CURCUMA, ALIMENTOS A BASE DE SPIRULINA VARIEDADES; SPIRULINA CON MACA.",11/16/2018 12:00:00 AM
14,BIONUTRECT SAS,YUMBO,CALLE 15 # 32-450 ACOPI YUMBO,ALIMENTO EN POLVO PARA PREPARAR BEBIDA CON CAFÉ,08/03/2018 12:00:00 AM
15,PRODUCTOS ALIMENTICIOS DORIA S.A.,MOSQUERA,"KILOMETRO  5,6 TRONCAL DE OCCIDENTE VIA BOGOTÁ - MOSQUERA",PROCESO DE MOLIENDA DE TRIGO PARA LA OBTENCIÓN DE DERIVADOS Y SUBPRODUCTOS DEL MISMO Y PARA EL PROCESO DE FABRICACIÓN DE PASTAS ALIMENTICIAS.,06/22/2018 12:00:00 AM
16,CI ENELAGRO S.A.S. - HELADOS FRUT POP,ARMENIA,CALLE 51 # 6-120 LOCAL 3,HELADOS DE AGUA Y HELADOS DE LECHE,02/23/2018 12:00:00 AM
17,GASEOSAS LUX S.A.S,BOGOTA,AVENIDA CALLE 9 # 50-85,"AGUA POTABLE TRATADA CON GAS, BEBIDAS GASEOSAS, BEBIDAS CON JUGO DE NARANJA, REFRESCO DE FRUTA PASTEURIZADA, NECTAR DE FRUTA PASTEURIZADA, BEBIDA DE TED, BIBIDA ENERGENIZANTE, REFRESCO DE FRUTA CON GAS, BEBIDA LIGERAMENTE GASIFICADA LIBRE DE CALORIAS",02/16/2018 12:00:00 AM
18,GASEOSAS POSADA TOBON S.A - YUMBO,YUMBO,CALLE 15 # 25A-86,"AGUA POTABLE TRATADA PARA EL CONSUMO HUMANO, BEBIDAS GASEOSAS, BEBIDAS CON JUGO DE NARANJA, REFRESCO DE FRUTO Y BEBIDAS CON TÉ",02/09/2018 12:00:00 AM
19,PASTEURIZADORA SANTODOMINGO S.A,SIMIJACA,CARRERA 8 # 10-66 CENTRO,"LECHE UAT(UHT) ENTERA, DESCREMADA DESLATOSADA,SEMIDESCREMADA DESLATOSADA, BEBIDA CON LECHE Y AVENA UAT(UHT), LECHE ENTERA UAT (UHT) CON SABORES, ALIMENTO LACTEO UAT (UHT), BEBIDA LACTEA UAT(UHT)",02/09/2018 12:00:00 AM
20,PASTAS COMARRICO S.A.S,BARRANQUILLA,CALLE 39 # 51-58 VIA CUARENTA,PASTAS ALIMENTICIAS,02/09/2018 12:00:00 AM
21,GASEOSAS HIPINTO S.A.S,PIEDECUESTA,KILOMETRO 3 VIA GUATIGUARA,"AGUA POTABLE TRATADA PARA EL CONSUMO HUMANO, BIBIDAS GASEOSAS, BEBIDAS CON JUGO DE NARANJA",02/02/2018 12:00:00 AM
22,GESTION CARGO ZONA FRANCA - GC NUTRITION SAS,CARTAGENA,"ZONA FRANCA LA CANDELARIA, MAMONAL KILOMETRO 9, SECTOR COSPIQUE","ALIMENTOS EN POLVO CON PROTEINA, FIBRA, VITAMINA Y MINERALES CON SABORES",01/26/2018 12:00:00 AM
23,GASEOSA POSADA TOBON S.A POSTOBON S.A,MALAMBO,AVENIDA OLIVARES KILOMETRO 3-500 VIA SABANAGRANDE,"AGUA POTABLE TRATADA, BEBIDAS GASEOSAS, BEBIDA CON TE, REFRESCO DE FRUTAS Y BEBIDA CON JUGO DE FRUTA",12/14/2017 12:00:00 AM
24,BOYDORR NUTRITION S.A.S,COTA,"PREDIO SAN RAFAEL VEREDA VUELTA GRANDE, ZONA FRANCA METROPOLITANA BODEGA 9","ALIMENTOS EN POLVO PARA USOS ESPECIALES, ALIMENTOS EN POLVO A BASE  DE MALTODEXTINA, ALMIDO DE MAIZ MODIFICADO, MEZCLA EN POLVO PARA PREPARAR BEBIDA",12/07/2017 12:00:00 AM
25,ALIMENTOS POLAR COLOMBIA S.A.S,FACATATIVA,KM 33 VIA FACATATIVA BARRIO CARTAGENITA,"HARINA PRECOCIDA DE MAIZ, AVENAS, PRODUCTOS LISTOS DE MAIZ, MEZCLAS",11/01/2017 12:00:00 AM
26,HARINERA DEL VALLE S.A,CALI,CARRERA 1A # 47-20 BARRIO SALOMIA,"PASTAS ALIMENTICIAS, PRE MEZCLAS ( PANCAKES, GALLETAS , BROUNIES, TORAS ), TORTILLAS DE TRIGO, HARINA PRECOCIDA DE MAIZ",09/27/2017 12:00:00 AM
27,GLOPACK SAS,TURBACO,CENTRO INDUSTRIAL TERNERO No 1 BODEGA 10,"ENVASE DE SAL PARA EXPORTACION FLUORADA, YODADA Y LIBRE DE FLUOR Y YODO",09/06/2017 12:00:00 AM
28,INDUSTRIA QUINDIANA DE LACTEOS Y ALIMENTOS LTDA QUINALAC LTDA,ARMENIA,CALLE 50 # 5-75 BODEGA 1,"LECHE CONDENSADA, AZUCARADA SEMI DESCREMADA, LECHE CONDENSADA AZUCARADA, DULCE CON LECHE (MANJAR BLANCO, PANELITAS, COCADAS), AREQUIPES, CARAMELOS",08/02/2017 12:00:00 AM
29,GIMNASIO LOS ARRAYANES,BOGOTA,CALLE 219 # 45-10,ALIMENTOS LISTOS PARA CONSUMO INMEDIATO,05/26/2017 12:00:00 AM
30,PROSIGNA SAS,BARRANQUILLA,CARRERA  30 ZONA FRANCA AVENIDA HAMBURGO BODEGA R,"PALOMITAS DE MAIZ PARA MICROONDAS, CHICHARRONES (PIEL DE CERDO) AVENA INSTANTANEA SABORIZADA MEZCLA EN POLVO INSTANTANEA PARA PREPARAR BEBIDAS DE SOYA BEBIDAS ACHOCOLATADAS MEZCLA LISTA PARA PREPARAR PANCAKES, AVENA EN HOJUELAS SABORIZADA Y TRADICIONAL",05/19/2017 12:00:00 AM
31,HARINERA DEL VALLE S.A,PALMIRA,CARRERA 33 A # 16-04,PRODUCCION DE HARINA Y OTROS ARTICULOS DERIVADOS DE TRIGO U OTROS CEREALES,03/10/2017 12:00:00 AM
32,EXPOCAROLA S.A.S,PALMIRA,CALLE 44 # 2E - 18 BARRIO LOS CRISTALES,"CONSERVAS DE FRUTAS VARIEDADES, VERDURAS Y HORTALIZAS EN CONSERVA VARIEDADES JALEA DE FRUTA VARIEDADES MANJAR BLANCO CON BREVA, MANJAR BLANCO CON COCO, MANJAR BLANCO CON CAFÉ, MANJAR BLANCO CON PASAS, SELLO DE MANJAR BLANCO, PANELITAS DE LECHE Y CORTADO DE LECHE, LECHE CONDENSADA AZUCARADA ENTERA",02/03/2017 12:00:00 AM
33,PRODUCTOS QIKELY S.A.S,CALI,CALLE 68 # 7C - 07 BARRIO CIUDADELA INDUSTRIAL FEPICOL SEDE PLANTA 2,"GRANOLA  (CEREAL DE AVENA) HOJUELAS CROCANTES VARIEDADES GRANOLA LIGHT EN CALORIAS O FLAKES; HOJUELAS CROCANTES DE AVENA VARIEDADES, AVENA MAS FIBRA VARIEDADES AVENA EN HOJUELAS Y AVENA INTEGRAL AVENA MOLIDA Y HARINA DE AVENA Y AVENA MOLIDA INTEGRAL.",10/12/2016 12:00:00 AM
34,QUIMEX INDUSTRIALES S.A (QUIMEX S.A.),CALI,CARRERA 1B # 39-84,"PRODUCTOS TERMINAS O SUBPRODUCTOS O MATERIAS PRIMAS (ENTRE ELLAS ALIMENTOS), TALES COMO EDULCORANTES, PIMENTOS, BICARBONATOS, ACEITES DE MAIZ, ACIDOS, ALMIDONES, PRESERVANTES, SABORIZANTES, COLORANTES  Y ADITIVOS.",08/19/2016 12:00:00 AM
35,COMPAÑÍA NACIONAL DE CHOCOLATES SAS,BOGOTA,CARRERA 65 # 12-60,EXPLOTACION DE LA INDUSTRIA DE ALIMENTOS EN GENERAL Y DE MANERA ESPECIAL DE CHOCOLATES Y SUS DERIVADOS.,07/13/2016 12:00:00 AM
36,INGEALIMENTOS SAS,CALI,CARRERA 14 # 9-58 BARRIO SAN BOSCO,"ADOBOS Y SAZONADORES PARA PASTA, POLLOS Y CARNES DE DIFERENTES VARIEDADES. SISTEMAS DE COVERTURA PARA CARNES Y POLLO. SABORES PARA SNACKS DIFERENTES VARIEDADES: LIMON Y SUS VARIEDADES A POLLO Y SUS VARIEDADES, A PARRILLADA Y SUS VARIEDADES, A JALAPEÑO Y SUS VARIEDADES, A BBQ Y SUS VARIEDADES, A TOCINETA, A MAYONESA, A QUESO Y SUS VARIEDADES, SABORES GOURMET ENTRE OTROS. SAZONADORES NATURALES Y ARTIFICIALES. SALSAS Y ADEREZOS DE DIFERENTES VARIEDADES. CONDIMENTOS. MEZCLA EN POLVO, CHAMPIÑORES EN CONSERVA.",03/30/2016 12:00:00 AM
37,COMPAÑÍA NACIONAL DE CHOCOLATES SAS,RIONEGRO,KILOMETRO 2 VIA A BELEN MUNICIPIO DE RIONEGRO-ANTIOQUIA,EXPLOTACION DE LA INDUSTRIA DE ALIMENTOS EN GENERAL Y DE MANERA ESPECIAL DE CHOCOLATES Y SUS DERIVADOS,02/26/2016 12:00:00 AM
38,AGROINDUSTRIAS DEL CAUCA S.A,GUACHENE,KILOMETRO 3 VIA PUERTO TEJADA - GUACHENE,DERIVADOS DE LA CAÑA DE AZUCAR Y ELABORACION DE MEZCLAS ALIMENTICIAS,11/05/2015 12:00:00 AM
39,QUESOS DE PAIPA,DUITAMA,"KILOMETRO 4,5 VIA DUITAMA-LA TRINIDAD SECTOR SAN JORGE VEREDA SAN LORENZO DE ABAJO","QUESO FRESCO SEMIGRASO, SEMIDURO MOZARELA Y PERA; QUESO MADURO, SEMIGRASO, SEMIDURO PAIPA",09/17/2015 12:00:00 AM
40,TECNAS SA,ITAGUI,CARRERA 50G # 12 SUR -29,"DISEÑO, FABRICACION Y COMERCIALIZACION DE INGREDIENTES, ADITIVOS, PREPARADOS, SISTEMAS DE COBERTURA, SALSAS Y BASES ALIMENTICIAS PARA LA INDUSTRIA.",09/04/2015 12:00:00 AM
41,CARDENAS PUERTO FANNY ESPERANZA ESTABLECIMIENTO DE COMERCIO QUESOS PAIPA FACTORY,DUITAMA,KILOMETRO 5 VIA DUITAMA LA TRINIDAD,"QUESO SEMI MADURO DURO PAIPA, QUESO FRESCO SEMI DURO SEMI GRASO VARIEDAD MOZARELA, QUESO FRESCO SEMI GRASO BLANDO VARIEDAD REQUESON",08/21/2015 12:00:00 AM
42,INDUSTRIA COLOMBIANA DEL CAFÉ SAS COLCAFE SAS,MEDELLIN,CARRERA 50 AUTOPISTA SUR # 6 SUR 81,"CAFÉ TOSTADO, MOLIDO, SOLUBLE, EXTRACTOS DEL CAFÉ, MEZCLAS PARA PREPARAR CAFÉ",08/06/2015 12:00:00 AM
43,FEDERACION NACIONAL DE CAFETEROS DE COLOMBIA - BUENCAFE LIOFILIZADO,CHINCHINA,CARRERA 4 # 16-50,"CAFÉ TOSTADO, CAFÉ TOSTADO Y MOLIDO, EXTRACTO CONCENTRADO DE CAFÉ, CAFÉ LIOFILIZADO Y CAFES ESPECIALES",07/17/2015 12:00:00 AM
44,LUALCO SOCIEDAD POR ACCIONES SIMPLIFICADA - LUALCO S.A.S,GUICAN DE LA SIERRA,CALLE 7 # 6-15,"ELABORACION Y COMERCIALIZACION DE PRODUCTOS LACTEOS, CARNICOS Y ALIMENTICIOS EN GENERAL",07/16/2015 12:00:00 AM
45,CONGRUPO S.A,COTA,"VEREDA VUELTA GRANDE, 150 Mts A DELANTE GLORIETA SIBERIA VIA COTA, COMPLEJO LOGISTICO INDUSTRIAL SIBERIA BG 65","CEREALES EXPANDIDOS Y COEXTRUIDOS, AROMATICAS, TE INFUSIONES",06/12/2015 12:00:00 AM
46,KELLOGG DE COLOMBIA S.A,BOGOTA,CALLE 17 # 68-95,"LINEA MULTIPRODUCTO (ALL BRAN, MUSLI, GRANOLA, RICE KRISPIS, SPECIAL K, CHOCO KRISPIS, ZUCARITAS AREQUIPE, ZUCARITAS, CORN FLAKES) LINEA DX ( CHOCO POPS, CHOCOPOPS KRISPIS POPS, FROOT LOOPS)",04/24/2015 12:00:00 AM
47,COMESTIBLES ALDOR S.A.S,YUMBO,CALLE 15 # 29-75 ACOPI YUMBO,"CARAMELOS DUROS, CARAMELOS BLANDOS CON RELLENO, CHICLETS CON Y SIN AZUCAR, CARAMELOS MASTICABLES, GOMAS",03/20/2015 12:00:00 AM
48,PEPSICO ALIMENTOS ZF LTDA,FUNZA,VDA LA FLORIDA CORREDOR INDUSTRIAL KILOMETRO 3 VIA FUNZA - SIBERIA,GALLETAS PAPAS FRITA TORTILLAS Y EXTRUIDOS,03/20/2015 12:00:00 AM
49,INGREDION COLOMBIA S.A,CALI,CARRERA 5 # 52-56,"ALMIDONES NO MODIFICADOS, ALMIDONES MODIFICADOS, MEZCLAS ALIMENTICIAS(BUÑUELOS, NATILLA, PANDEBONO, PANDEYUCA, ALMOHANA Y CHURROS), JARABE DE MAIZ SORBITOL ACEITE REFINADO DE MAIZ, MEZCLAS EDULCORANTES A BASE DE STEVIA Y MEZCLAS DE CEREALES.",03/13/2015 12:00:00 AM
50,SIGNA GRAIN CO S.A.S,BOGOTA,CARRERA 68A # 19-80,"MEZCLA PARA PANCAKES , WAFLES Y CREPES, AVENA EN HOJUELA CON SABORES Y ZERO AZUCAR, AVENA INSTANTANEA CON SABORES .",02/20/2015 12:00:00 AM
51,COMERCIALIZA SAS,BOGOTA,CALLE 51 # 70D-06,"MEZCLA EN POLVO A BASE DE PANELA LISTA, PANELA SABORIZADA A, MEZCLA LISTA PARA PREPARAR BEBIDA CON SABOR A AVENA Y MEZCLA EN POLVO LISTA PARA PREPARAR REFRESCON CON TE Y SABOR",12/12/2014 12:00:00 AM
52,T-VAPAN 500 S.A,SAN PEDRO,CARRERA 6 # 2-47,"MEZCLAS SECAS (MEJORADORES, PREMEZCLAS PANADERIA, PREMEZCLAS PASTELERIA, PRODUCTOS ENZIMÁTICOS PARA LA MOLINERÍA) HUMEDOS ( RECUBRIMIENTOS, BRILLOS Y RELLENOS PASTELERÍA, EMULSIFICANTES PARA PANADERÍA Y PASTELERÍA, CREMAS PASTELERAS), CHOCOLATERÍA ( COBERTURAS, CREMA DE CHOCOLATE PARA COBERTURA Y RELLENO, BLOQUES PARA VIRUTA Y CHIPS)",07/30/2014 12:00:00 AM
53,COMPAÑÍA NACIONAL DE LEVADURAS LEVAPAN S.A,TULUA,CARRERA 27A  # 40- 470,"ELABORACION DE LEVADURA PARA PANADERIA, PROTEINA VEGETAL HIDROLIZADA, EXTRACTOS DE LEVADURA, BETA GLUCAN DE LEVADURAS Y SABORES.",04/30/2014 12:00:00 AM
54,AGRICOLA HIMALAYA S.A.,YUMBO,"CALLE 15 # 31A - 33 BODEGAS 1,2, y 3","MEZCLAS Y EMPAQUES DE TE DE DIFERENTES SABORES, TE SOLUBLE INSTANTANEO, MEZCLA DE TE PARA PREPARAR BEBIDA LIGHT DE DIFERENTES SABORES, INFUSIONES, HIERBAS AROMATICAS",04/04/2014 12:00:00 AM
55,TZF LTDA.,PALMIRA,"ZONA FRANCA PALMASECA BODEGA 30, 31 C",MEZCLAS Y PREMEZCLAS PARA LA INDUSTRIA ALIMENTICIA,04/02/2014 12:00:00 AM
56,PHARMALACTEOS S.A,BOGOTA,AVENIDA 68 # 12-58,ALIMENTOS EN POLVO ADICIONADOS CON NUTRIENTES,02/21/2014 12:00:00 AM
57,INDES S.A.S,BOGOTA,CALLE 65 A # 93 - 28 ALAMOS ZONA INDUSTRIAL,"SALSA DE TOMATE, PASTA DE TOMATE, SALSA NAPOLITANA(DIFERENTES VARIEDADES), SALSA PIZZA, ADEREZOS SALSA CON TOMATE (PREMIUM Y CLASSIC), INDUSTRIAL, ADEREZO SALSA NAPOLITANA, ADEREZO SALSA NAPOLITANA INDUSTRIAL, ADEREZO SALSA PARA PIZZA, ADEREZO SALSA PARA PIZZA INDUSTRIAL, ADEREZO SALSA ROSADA, ADEREZO BARBECUE, ADEREZO SALSA HOGAO, ADEREZO SALSA CON AJI, ADEREZO DULCE CON SABOR A MIEL, ADEREZO MOSTAZA DULCE CON SABOR A MIEL, MERMELADA DIFERENTES VARIEDADES, REEMPA DE ADEREZO TIPO MAYONESA, REEMPAQUE DE GALLETAS INDUSTRIALES, REEMPAQUE DE ALIMENTOS SOLIDOS Y LIQUIDOS A TERCEROS Y MARCAS PROPIAS.",09/25/2013 12:00:00 AM
58,LAFRANCOL INTERNATIONAL S.A.S,PALMIRA,KILOMETRO 6 VIA YUMBO-AEROPUERTO SUPERMANZANA G ZONA FRANCA DEL PACIFICO BODEGA 11,"ENSOY VAINILLA Y FRESA, ENSOY NIÑOS VAINILLA, FRESA Y CHOCOLATE, ENSOY DIABETICOS VAINILLA Y FRESA Y ENSOY PROTEINA.",09/20/2013 12:00:00 AM
59,ALIMENTOS MARLUZ E.U,BOGOTA,CARRERA 70C # 116 A - 12,PREPARACION DE ALMUERZOS PARA RESTAURANTE ESTUDIANTIL Y REFRIGERIOS ESTUDIANTILES,08/02/2013 12:00:00 AM
60,LABORATORIOS VIDA STEVIA SA,BOGOTA,CARRERA 42B  - 13-94,PRODUCCION COMERCIALIZACION IMPORTACION EXPORTACION Y REPRESENTACION DE ENDULZANTES NATURALES PRODUCTOS NATURALES EN GENERAL ALIMENTOS SUPLEMENTOS ALIMENTICIOS COSMETICOS Y MEDICINALES PARA HUMANOS Y ANIMALES,05/15/2013 12:00:00 AM
61,DIPSA FOOD ENERGY REPRESENTACIONES,BOGOTA,TRANSVERSAL 93 No 51 - 98 BOD 47 PARQUE INDUSTRIAL PUERTA DEL SOL,"PLATANITOS DULCES Y SALADOS, MANI VARIEDADES, AJONJOLI TOSTADO, AJONJOLI DESCORTEZADO, AJONJOLI CUBIERTO CON CHOCOLATE, BARRAS CON FRUTAS DESHIDRATADAS VARIEDADES, CEREALES VARIEDADES Y FRUTAS DESHIDRATADAS VARIEDADES.",03/05/2013 12:00:00 AM
62,INVERSIONES LA CATIRA LTDA,CUMARAL,KILOMETRO 21 VIA VILLAVICENCIO - CUMARAL,"YOGURT SEMIDESCREMADO CON DULCE, BEBIDA LACTEA, QUESO FRESCO SEMIDURO SEMIGRASO, KUMIS",03/01/2013 12:00:00 AM
63,ALPINA CAUCA ZONA FRANCA S.A.S.,CALOTO,PARQUE INDUSTRIAL Y COMERCIAL DEL CAUCA,"FABRICACIÓN, TRANSFORMACIÓN, DESARROLLO, EXPLOTACIÓN, COMPRAVENTA, DISTRIBUCIÓN, IMPORTACIÓN, EXPORTACIÓN DE TODA CLASE DE PRODUCTOS ALIMENTICIOS ENTRE OTRAS ACTIVIDADES.",12/12/2012 12:00:00 AM
64,INDUSTRIAS EL PUMA,VELEZ,ZONA INDUSTRIAL LOS GUAYABOS,PRODUCCION Y COMERCIALIZACIÓN DE BOCADILLO VELEÑO,11/23/2012 12:00:00 AM
65,FABRICA DE COMESTIBLES LA ROSA S.A.,DOSQUEBRADAS,CALLE 29  # 10-215,PRODUCTOS DE GALLETERÍA Y CONFITERÍA Y ELABORACIÓN DE PRODUCTOS ALIMENTICIOS,10/12/2012 12:00:00 AM
66,ACOSTA RIVERA S.A.,SUBACHOQUE,CARRERA 3  # 5 - 35 / 39,"LECHE CONDENSADA, AREQUIPE, AREQUIPE ENRIQUECIDO CON HIERRO, DULCE DE LECHE VARIEDADES: ROLLITO DE LECHE, CARAMELO DE LECHE, PANELITA Y COCADA",09/27/2012 12:00:00 AM
67,MANITOBA LTDA,CALI,CARRERA 8 # 34 - 28 / 56,"PRODUCCIÓN Y COMERCIALIZACIÓN DE DERIVADOS DEL MANÍ, ASÍ COMO LA PRODUCCIÓN DE PRODUCTOS ALIMENTICIOS EN GENERAL Y SU COMERCIALIZACIÓN",09/03/2012 12:00:00 AM
68,ALPINA PRODUCTOS ALIMENTICIOS S.A.,CHINCHINA,VEREDA EL EDÉN 200 METROS SALIDA MANIZALES,"JUGOS SIMPLES Y CONCENTRADOS DE FRUTA CONGELADA Y ASEPTICOS, SALSAS ASEPTICAS, MERMELADAS INDUSTRIALES, PASTAS, BASES Y RELLENOS DE FRUTAS, MERMELADAS DE MESA A BASE DE FRUTAS, MERMELADAS PORCIONADAS, BEBIDAS CON LECHE Y CAFE (CAFFE LATTE), PAPILLAS Y COMPOTAS PARA BEBE, JUGOS Y NECTARES PARA BEBE, ALIMENTOS CON FRUTA PARA ADULTOS (FRUTTO CUCHAREABLE). LECHES UAT (UHT) LARGA VIDA, LECHES SABORIZADAS Y AVENA UAT (UHT) EN BOLSA.",08/14/2012 12:00:00 AM
69,INDUSTRIAS DEL MAIZ - CORN PRODUCTS ANDINA (INGREDION COLOMBIA S.A),SABANAGRANDE,CARRETERA ORIENTAL KILOMETRO 2 VIAS SABANAGRANDE,PRODUCTOS DE BIENESTARINA POR CONCESION CON EL INSTITUTO COLOMBIANO DE BIENESTAR FAMILIAR,04/20/2012 12:00:00 AM
70,MOLINOS SANTA MARTA SAS,GUADALAJARA DE BUGA,CARRETERA CENTRAL FRENTE AL SENA,"HARINA DE TRIGO, PROTEINA VEGETAL DE SOYA",04/11/2012 12:00:00 AM
71,MOLINOS SANTA MARTA SAS,SANTA MARTA,"KILOMETRO 12,5 VIA ALTERNA AL PUERTO, ZONA BURECHE",HARINA DE TRIGO FORTIFICADA,03/30/2012 12:00:00 AM
72,C.I. CASTAÑO Y HOYOS LTDA,PEREIRA,CARRERA 12  # 13 E - 48,"SALSA DE GUACAMOLE CON PICANTE, SALSA DE GUACAMOLE SIN PICANTE, SALSA A BASE DE MAYONESA CON ESPECIES, SALSA WINGS, SALSA ESPECIAL, SALSA SABOR QUESO AZUL, CHIMICHURRI BLANCO, SALSA CON SABOR A AJO, SALSA DE TOMATE.",02/21/2012 12:00:00 AM
73,PANIFICADORA EL COUNTRY,BOGOTA,CARRERA 23  # 164 - 36,"PAN, GALLETAS, HOJALDRADOS, TOSTADOS Y PONQUE.",12/09/2011 12:00:00 AM
74,AGROINDUSTRIAS LAS MARGARITAS,TIBASOSA,CALLE 4 # 9 - 92,FABRICACIÓN Y COMERCIALIZACIÓN DE DULCAES Y FRUTAS,11/25/2011 12:00:00 AM
75,COLOMBINA S.A.,ZARZAL,LA PAILA,"CHOCOLATES, MASMELOS, DULCES (DUROS Y BLANDOS) GOMAS, CHUPETAS, SNACKS Y CHICLES / GALLETAS EN TODAS SUS VARIEDADES.",08/23/2011 12:00:00 AM
76,DSM NUTRITIONAL PRODUCTS COLOMBIA S.A.,TOCANCIPA,"PARQUE INDUSTRIAL TIBITOC KILOMETRO 2,4 VIA BRICEÑO - ZIPAQUIRA COSTADO DERECHO BODEGAS 41B Y 42B",FABRICACIÓN  DE PREMEZCLAS CON VITAMINAS Y MINERALES PARA USO EN ALIMENTOS DE CONSUMO HUMANO,07/26/2011 12:00:00 AM
77,COOPERATIVA COLANTA,FUNZA,CARRERA 11  # 11 - 02 BARRIO SERREZUELITA,": LECHE PASTEURIZADA, LECHE ULTRA ALTA TEMPERATURA UAT (UHT), CREMA DE LECHE PASTEURIZADA Y ULTRAPASTEURIZADA, LECHES SABORIZADAS UHT Y BEBIDA LÁCTEA A BASE DE AVENA UHT.",07/19/2011 12:00:00 AM
78,ALIMENTOS DEL VALLE S.A. - ALIVAL S.A.,CALOTO,"PARQUE INDUSTRIAL Y COMERCIAL DEL CAUCA, ETAPA 2 LOTE 5 LA SOFIA","LECHE ULTRAPASTEURIZADA; LECHE UAT(UHT) ENTERA FORTIFICADA CON Y SIN SABORES; LECHE PASTEURIZADA; BEBIDA A BASE DE LECHE ENTERA CON AVENA UAT (UHT), BEBIDA LACTEA ENRIQUECIDA CON VITAMINAS; MANTEQUILLA Y CREMA DE LECHE PASTEURIZADA",09/24/2010 12:00:00 AM
79,COLOMBINA S.A. SANTANDER DE QUILICHAO,SANTANDER DE QUILICHAO,PARQUE INDUSTRIAL EL PARAISO KM. 2 VIA SAN JULIAN,"GALLETAS EN TODAS SUS VARIEDADES, PASTELES Y PRODUCTOS HORNEADOS",09/10/2010 12:00:00 AM
80,C.I. NATURMEGA S.A,BARRANQUILLA,CALLE 80  # 78B - 201,"ACIDOS GRASOS OMEGA 3 EN FORMA DE TRIGLICERIDOS, ETIL ESTER Y ACIDOS GRASOS LIBRES A PARTIR DE ACEITE DE PESCADO ESPECIALMENTE ANCHOVETA (ENGRAULIS RINGENS)",04/23/2010 12:00:00 AM
81,FRUTALIA DE COLOMBIA LTDA.,TUNJA,AVENIDA NORTE # 71 - 128,"AROMÁTICAS DE FRUTAS, MEZCLA DE CITRICOS, MEZCLA DE FRUTOS ROJOS, MEZCLA DE FRUTAS CON EXTRACTOS DE HIERBA CON ALBAHACA, HIERBABUENA, LIMONARIA, MENTA Y ANIS, AROMÁTICAS DE FRUTOS LIGHT BAJO EN CALORÍAS.",12/21/2009 12:00:00 AM
82,INDUSTRIA ALIMENTICIA SAN JUAN,BOGOTA,DIAGONAL 42 SUR  # 24B-20,"SALCHICHAS, HAMBURGUESAS, JAMONES, CHORIZOS, SALCHICHÓN, MORTADELAS, QUESO DE CABEZA, GALLINA RELLENA, CABANO Y TOCINETA",11/25/2009 12:00:00 AM
83,LLOREDA S.A.,YUMBO,CALLE 15  # 28 - 370,ACEITES COMESTIBLES PARA CONSUMO MASIVO E INDUSTRIAL; MARGARINA Y ESPARCIBLES PARA CONSUMO MASIVO E INSTITUCIONAL; GRASAS COMESTIBLES (MANTECAS) PARA CONSUMO MASIVO Y USO INDUSTRIAL; SALSAS Y ADEREZOS,03/12/2009 12:00:00 AM
84,PRODUCTOS LACTEOS EL RECREO S.A.,ZIPAQUIRA,"KILOMETRO 1 VIA ZIPAQUIRA NEMOCON, VEREDA SUSAGUA",PRODUCTOS ULTRAPASTEURIZADOS UAT (UHT),12/23/2008 12:00:00 AM
85,NESTLE DE COLOMBIA S.A,BUGALAGRANDE,CALLE 2  # 1- 463,1) FABRICACIÓN DE PRODUCTOS ALIMENTICIOS PARA LOS PRODUCTOS DE LA LINEA DE FABRICACIÓN DE CAFÉS,07/29/2008 12:00:00 AM
86,ALBERTO IGNACIO CASTAÑO Y/O HELADOS IGLÚ,DOSQUEBRADAS,CALLE 8 # 17-38 VILLA FANNY ZONA INDUSTRIAL LA POPA,"DEDICADA A LA PRODUCCIÓN, DISTRIBUCIÓN Y VENTA DE HELADOS, PALETAS, VASITOS, CHOCOCONOS Y CREMAS POR LITROS. PARA LOS PRODUCTOS HELADOS, PALETAS, VASITOS, CONOS Y CREMAS POR LITROS.",06/13/2007 12:00:00 AM
87,DANISCO COLOMBIA LTDA - PLANTA MARSCHALL,BOGOTA,CARRERA 90A # 64C -54,"DEDICADA A LA IMPORTACIÓN, EXPORTACIÓN, PRODUCCIÓN Y COMERCIALIZACIÓN DE INGREDIENTES PARA LA INDUSTRIA ALIMENTICIA PARA EL PRODUCTO CUAJO MARSCHALL.",06/08/2007 12:00:00 AM
88,DPA MANUFACTURING COLOMBIA LTDA.,VALLEDUPAR,CARRERA 9  # 6 C -01,"DEDICADA A LA FABRICACIÓN DE LECHE EN POLVO. PARA LOS PRODUCTOS LECHE EN POLVO, LECHE EN POLVO SEMIELABORADA (BUFFER Y MILO) Y LECHE EN POLVO ENTERA PARA EXPORTACIÓN.",05/11/2007 12:00:00 AM
89,GRUPO CBC S.A.,BOGOTA,CALLE 21 # 66 - 30,POLLO ADOBADO; CARNES; SALSAS Y BEBIDAS,03/13/2007 12:00:00 AM
90,NESTLE DE COLOMBIA S.A,BUGALAGRANDE,CALLE 2  # 1- 463,2) FABRICACIÓN Y COMERCIALIZACIÓN DE PRODUCTOS ALIMENTICIOS  PARA EL PRODUCTO BEBIDA A BASE DE MALTA Y COCOA MARCA MILO.,03/09/2007 12:00:00 AM
91,ALMACENES EXITO SA,ITAGUI,CARRERA 50A  # 41-42,"CARNES ROJAS, POLLO, PESCADO, PANADERÍA Y REPOSTERÍA, COMIDAS PREPARADAS, CHARCUTERÍA, FRUTAS Y VERDURAS.",03/09/2006 12:00:00 AM
92,FABRICA DE ESPECIAS Y PRODUCTOS EL REY SA,BOGOTA,CARRERA 68G # 43C 30 SUR,"PASTAS, SALSAS Y GUISOS ALIMENTICIOS.",12/21/2005 12:00:00 AM
93,OMNILIFE MANUFACTURA DE COLOMBIA,CALOTO,"PARQUE INDUSTRIAL Y COMERCIAL DEL CAUCA, ETAPA I, KILOMETRO 2","ALIMENTOS EN POLVO CON VITAMINAS, MINERALES Y OTROS NUTRIENTES",10/07/2005 12:00:00 AM
94,ALMACENES EXITO SA,BOGOTA,CALLE 134  # 14-51,"CARNES ROJAS, POLLO, PESCADO, PANADERÍA Y REPOSTERÍA, COMIDAS PREPARADAS, CHARCUTERÍA, FRUTAS Y VERDURAS.",09/09/2005 12:00:00 AM
95,ALIMENTOS SPRESS LTDA,BOGOTA,CARRERA 94 # 66A 35,"PAN ; TORTAS, GALLETAS; MANTECADAS (BPM) Y ENSAMBLE DE REFRIGERIOS / PANADERIA PASTELERIA, BISCOCHERÍA.",07/28/2005 12:00:00 AM
96,BAVARIA & CIA S.C.A,TIBASOSA,KILOMETRO 4 VIA DUITAMA - SOGAMOSO,AGUAS DE MESA Y MALTA,12/15/2004 12:00:00 AM
97,ALMACENES EXITO SA,BOGOTA,AVENIDA CENTENARIO # 106 -104,VENTA Y ELABORACIÓN DE PRODUCTOS (HIPERMERCADO),11/04/2004 12:00:00 AM
98,INDUSTRIA DE HARINAS TULUÁ LTDA,TULUA,CARRERA 28  # 32 - 54,PRODUCCION DE HARINA Y SUS DERIVADOS,04/15/2004 12:00:00 AM
